ticker,inn_dato,ut_dato,kjopskurs,sistekurs,avkastning_pct,uke_avkastning_pct
STB.OL,2026-07-20,,194.9,194.7,-0.1,-3.61
DNB.OL,2026-07-20,,294.6,323.2,9.71,1.8
AKER.OL,2026-07-20,,1244.0,1442.0,15.92,-7.21
LSG.OL,2026-07-20,,40.72,43.26,6.24,6.24
NOD.OL,2026-07-20,,157.7,182.3,15.6,0.16
PROT.OL,2026-07-20,,486.6,432.8,-11.06,-1.9
WWI.OL,2026-07-20,,731.0,918.0,25.58,3.85
SATS.OL,2026-07-20,,39.49,42.6,7.89,-3.07
VEND.OL,2026-07-20,,240.8,204.8,-14.95,-12.18
KID.OL,2026-07-20,,131.6,118.8,-9.73,-2.78
