dato,portefolje,osebx,portefolje_kumulativ,osebx_kumulativ
2026-07-21,0.0,0.0,0.0,0.0
2026-07-22,0.0029037891620160017,0.01576846290078726,0.2903789162016057,1.5768462900787261
2026-07-23,-0.009380987609816238,0.008036544636390364,-0.650443885795049,2.3931731493127106
2026-07-24,-0.004247656721581195,-0.005281917172745065,-1.0724466956096634,1.8523408896834903
2026-07-27,0.0030097558830799896,-0.00817424095291619,-0.7746989100530732,1.0197753136326648
2026-07-28,0.008508654970046348,0.0028124751896774214,0.06957494122026286,1.3038909253690445
2026-07-29,-0.0020189969456357757,0.004928126144378542,-0.1324652249371283,1.803129278765625
2026-07-30,0.007825279969108223,0.0038872132057083952,0.6490261945024001,2.1988597472804905
2026-07-31,0.0024038921173709206,0.0018467258733179115,0.8909755951924447,2.387593025799384
2026-08-03,0.008299001078724999,0.0025024027482032363,1.7282699104905541,2.643808019969063
2026-08-04,0.0004145412688488892,-0.0020364460549959773,1.770440476577062,2.4347794420570334
2026-08-05,8.193979206678747e-05,-0.0027984132751864843,1.7787795253082717,2.148124595425571
2026-08-06,-0.00120310006261094,0.0032979768629295414,1.6563294692889086,2.4850067469329273
2026-08-07,0.009630111834815913,0.0029653417001855864,2.63529129079505,2.7889098110834176
2026-08-10,-0.004854498026465581,0.007171816922547647,2.13704847177818,3.526093053916779
2026-08-11,0.0032980480874555186,0.006268029198477576,2.47390136914889,4.174997627983035
2026-08-12,0.0025628729082613822,0.0042272873520960985,2.736528954771722,4.615375277860445
2026-08-13,0.008443836249125213,0.002099951088757601,3.6040193820693345,4.835062449075966
2026-08-14,0.015430668217689536,0.009446755045431354,5.202698631173108,5.8254136042048765
2026-08-17,0.0021812616484625626,0.0020519450756186774,5.432173243012062,6.0425615405253374
2026-08-18,-0.009943957501824318,-0.00410027552431147,4.3837601929585635,5.607757820905435
2026-08-19,-0.004090914586235184,-0.00042282286396166935,3.9567351458191125,5.563104446287026
2026-08-20,0.0013277770918112886,-0.002282918568707659,4.09476651728522,5.322112474976182
2026-08-21,0.011120484768308347,0.00850714715144174,5.252350782801307,6.218103184101498
2026-08-24,-0.001254751732301218,-0.0022640596764849086,5.120285213327813,5.977619059769657
2026-08-25,0.011653315023952015,0.004380374733706782,6.345285012326407,6.441840744637473
2026-08-26,0.004097958505609345,-0.0017112035364019729,6.781083577574121,6.259697090334115
2026-08-27,0.003804261957479793,-0.002215380440446335,7.187306791606751,6.024291435792439
2026-08-28,-0.001226280952647163,0.004828347677950262,7.05586503892266,6.536213577152772
2026-08-31,-0.006161037424594262,0.008695863474257548,6.396289847895553,7.46263794548403
2026-09-01,-0.0148390917650853,-0.0027524905832663205,4.8174655393780075,7.1668480464861295
2026-09-02,0.006622993006343669,-0.0030961988807313157,5.511670880587993,6.835038171513097
2026-09-03,0.0043869836333762955,-2.852137207276506e-05,5.97454885387132,6.831991089638989
2026-09-04,0.0028296220218501644,-0.0009735804560419004,6.274416771063884,6.727981551034068
2026-09-07,-0.001897050494117647,-0.0026429622903491046,6.072808836216281,6.445903520469609
2026-09-08,-0.004558588207545433,0.0038940176489856704,5.5892665807142805,6.860405747440534
2026-09-09,0.0007731983029744871,0.00706002984296461,5.670908022446808,7.614843401048765
2026-09-10,-0.009150765727923883,-0.006397625616837432,4.703938298876409,6.926363922154266
2026-09-11,0.0021022911726626624,0.0014234605010563506,4.924056464105164,7.078569377719024
2026-09-14,-0.012788324517753325,-0.0002748481972688621,3.5822535803231137,7.049139025959428
2026-09-15,0.0011086838859376892,0.0014692684760104768,3.69709355573673,7.2064229513143285
2026-09-16,0.005769662189911451,0.004907514580430927,4.295390755628969,7.73254003506374
2026-09-17,0.009686334028275423,0.006178737989891214,5.30563074809749,8.398191172925863
2026-09-18,-0.010007290506283361,-0.008995797085898816,4.251806709253869,7.423063040655742
2026-09-21,0.0038068023664931784,-0.004661586442979426,4.648672733745851,6.922301146322107
2026-09-22,-0.0038297055534897593,-0.004066539112592471,4.247899130612098,6.4874974267022045
2026-09-23,-0.01598891146999515,-0.0010957243139014805,2.58108870047975,6.370816486645237
2026-09-24,-0.0035215274986388546,3.330370545651107e-05,2.219846575780693,6.374359028986687
2026-09-25,0.0015147223271538834,-0.006610448934136426,2.374681259667266,5.671176760724084
2026-09-28,0.0005982000466383863,0.005612608571248678,2.43592179877139,6.264267713145255
2026-09-29,-0.00030730925580252366,-0.009052304391952926,2.4044422918759523,5.30233121581789
2026-09-30,-0.0004959537273529268,-0.0001686786754747649,2.353654427023799,5.284568958063995
2026-10-01,-0.010039955989551175,-0.008673946642192787,1.3260282412067559,4.371336224675471
2026-10-02,0.005887509166447058,0.0027173548626671096,1.9225861612765183,4.654950182688666
